{
  "0": {
    "precision": 0.9617021276595744,
    "recall": 0.8158844765342961,
    "f1-score": 0.8828125,
    "support": 277.0
  },
  "1": {
    "precision": 0.4,
    "recall": 0.7906976744186046,
    "f1-score": 0.53125,
    "support": 43.0
  },
  "accuracy": 0.8125,
  "macro avg": {
    "precision": 0.6808510638297872,
    "recall": 0.8032910754764504,
    "f1-score": 0.70703125,
    "support": 320.0
  },
  "weighted avg": {
    "precision": 0.886223404255319,
    "recall": 0.8125,
    "f1-score": 0.8355712890625,
    "support": 320.0
  }
}