{
  "accuracy": 0.8125,
  "f1": 0.53125,
  "generated_at": "2025-10-06T19:55:25.545015Z"
}